[
{
  "model": "api.hashtag",
  "pk": 1,
  "fields": {
    "name": "Funny & Meme-Based"
  }
},
{
  "model": "api.hashtag",
  "pk": 2,
  "fields": {
    "name": "Cats & Dogs"
  }
},
{
  "model": "api.hashtag",
  "pk": 3,
  "fields": {
    "name": "Wildlife & Exotic Animals"
  }
},
{
  "model": "api.hashtag",
  "pk": 4,
  "fields": {
    "name": "customed"
  }
},
{
  "model": "api.hashtag",
  "pk": 5,
  "fields": {
    "name": "Extreme Sports"
  }
},
{
  "model": "api.hashtag",
  "pk": 6,
  "fields": {
    "name": "Anime & Manga"
  }
},
{
  "model": "api.hashtag",
  "pk": 7,
  "fields": {
    "name": "rubber"
  }
},
{
  "model": "api.hashtag",
  "pk": 8,
  "fields": {
    "name": "Pop Culture & Music"
  }
},
{
  "model": "api.hashtag",
  "pk": 9,
  "fields": {
    "name": "TV Shows & Movies"
  }
},
{
  "model": "api.hashtag",
  "pk": 10,
  "fields": {
    "name": "Motivational & Inspirational"
  }
},
{
  "model": "api.hashtag",
  "pk": 11,
  "fields": {
    "name": "Abstract & Minimalist"
  }
},
{
  "model": "api.hashtag",
  "pk": 12,
  "fields": {
    "name": "Cartoons & Animated Characters"
  }
},
{
  "model": "api.hashtag",
  "pk": 13,
  "fields": {
    "name": "Dark & Gothic"
  }
},
{
  "model": "api.hashtag",
  "pk": 14,
  "fields": {
    "name": "Celebrities & Influencers"
  }
},
{
  "model": "api.hashtag",
  "pk": 15,
  "fields": {
    "name": "Video Games"
  }
},
{
  "model": "api.hashtag",
  "pk": 16,
  "fields": {
    "name": "Astrology & Zodiac Signs"
  }
},
{
  "model": "api.hashtag",
  "pk": 17,
  "fields": {
    "name": "case"
  }
},
{
  "model": "api.hashtag",
  "pk": 18,
  "fields": {
    "name": "clear"
  }
},
{
  "model": "api.hashtag",
  "pk": 19,
  "fields": {
    "name": "Glitch & Vaporwave"
  }
},
{
  "model": "api.hashtag",
  "pk": 20,
  "fields": {
    "name": "AI & Robotics"
  }
},
{
  "model": "api.hashtag",
  "pk": 21,
  "fields": {
    "name": "Fantasy Creatures"
  }
},
{
  "model": "api.hashtag",
  "pk": 22,
  "fields": {
    "name": "Cyberpunk & Sci-Fi"
  }
},
{
  "model": "api.hashtag",
  "pk": 23,
  "fields": {
    "name": "unknown"
  }
},
{
  "model": "api.customuser",
  "pk": 1,
  "fields": {
    "password": "pbkdf2_sha256$1000000$fH666TLO95OpvL9KBHnjXR$OyvXpSmeFH+sVuJ2cbmvVxwD6G+tcN0fTZZe+hH9LkI=",
    "last_login": null,
    "is_superuser": false,
    "username": "admin",
    "first_name": "Admin",
    "last_name": "Client",
    "email": "artcase@gmail.com",
    "is_staff": true,
    "is_active": true,
    "date_joined": "2025-07-01T14:33:28.999Z",
    "status": "active",
    "suspension_end_date": null,
    "profile_pic": "https://res.cloudinary.com/daalfrqob/image/upload/v1751380407/0cf56efec5526c5d023640becae80166_tjbqvj.jpg",
    "groups": [],
    "user_permissions": []
  }
},
{
  "model": "api.customuser",
  "pk": 2,
  "fields": {
    "password": "pbkdf2_sha256$1000000$92KV4W4W4nqw2PssF9g4tW$X7y9epjEeqAvU/zsg9YQhahCOSmUgGb0TKuNNiAWZLY=",
    "last_login": null,
    "is_superuser": false,
    "username": "at0",
    "first_name": "Abdelrahman",
    "last_name": "Tarek",
    "email": "at00@gmail.com",
    "is_staff": false,
    "is_active": true,
    "date_joined": "2025-07-01T14:35:56.425Z",
    "status": "active",
    "suspension_end_date": null,
    "profile_pic": "https://res.cloudinary.com/daalfrqob/image/upload/v1751380554/6a0d28721919d5c3771a3497a252d8cc_humvsd.jpg",
    "groups": [],
    "user_permissions": []
  }
},
{
  "model": "api.customuser",
  "pk": 3,
  "fields": {
    "password": "pbkdf2_sha256$1000000$Bzglz1jcAshJzbrehDt33c$/bGcQjgjk7V/O9qpQxXciJ7jM9vYtkLlLh2DEblOrmY=",
    "last_login": null,
    "is_superuser": false,
    "username": "ahmed",
    "first_name": "Ahmed",
    "last_name": "Tarek",
    "email": "ahmedtarek@gmail.com",
    "is_staff": false,
    "is_active": true,
    "date_joined": "2025-07-01T14:36:45.476Z",
    "status": "active",
    "suspension_end_date": null,
    "profile_pic": "https://res.cloudinary.com/daalfrqob/image/upload/v1751380604/e1a9add516fd3b4c24dede1b34cd9639_ek0zb5.jpg",
    "groups": [],
    "user_permissions": []
  }
},
{
  "model": "api.customuser",
  "pk": 4,
  "fields": {
    "password": "pbkdf2_sha256$1000000$wKydp1MZdhiYGi1pdd6jMh$gVJicQ7hJf9jMQto0WM1QKUMhIxxLmANxpwW1nop0zs=",
    "last_login": null,
    "is_superuser": false,
    "username": "mohamed",
    "first_name": "Mohamed",
    "last_name": "Tamer",
    "email": "tamer@gmail.com",
    "is_staff": false,
    "is_active": true,
    "date_joined": "2025-07-01T14:37:37.756Z",
    "status": "active",
    "suspension_end_date": null,
    "profile_pic": "https://res.cloudinary.com/daalfrqob/image/upload/v1751380656/6a94f2f40a55b541811e3838d24fe9f7_g0bmyu.jpg",
    "groups": [],
    "user_permissions": []
  }
},
{
  "model": "api.customuser",
  "pk": 5,
  "fields": {
    "password": "pbkdf2_sha256$1000000$OpDkTWu6VYOfSTQIn2TjcB$73jvYRvkWQuiU6k7G1Il0RPKrUdrqxM/YyfX2g5QDcQ=",
    "last_login": null,
    "is_superuser": false,
    "username": "adham",
    "first_name": "Adham",
    "last_name": "Khalid",
    "email": "Adham@gmail.com",
    "is_staff": false,
    "is_active": true,
    "date_joined": "2025-07-01T14:41:02.697Z",
    "status": "active",
    "suspension_end_date": null,
    "profile_pic": "https://res.cloudinary.com/daalfrqob/image/upload/v1751380861/0b194e43cc69eef87220f3ff35a30ba7_qcenqg.jpg",
    "groups": [],
    "user_permissions": []
  }
},
{
  "model": "api.like",
  "pk": 1,
  "fields": {
    "user": [
      "admin"
    ],
    "post": 1,
    "created_at": "2025-07-01T14:43:37.276Z"
  }
},
{
  "model": "api.like",
  "pk": 2,
  "fields": {
    "user": [
      "at0"
    ],
    "post": 2,
    "created_at": "2025-07-01T15:23:49.589Z"
  }
},
{
  "model": "api.like",
  "pk": 3,
  "fields": {
    "user": [
      "ahmed"
    ],
    "post": 3,
    "created_at": "2025-07-01T15:28:36.650Z"
  }
},
{
  "model": "api.like",
  "pk": 4,
  "fields": {
    "user": [
      "admin"
    ],
    "post": 3,
    "created_at": "2025-07-01T15:32:07.610Z"
  }
},
{
  "model": "api.like",
  "pk": 5,
  "fields": {
    "user": [
      "adham"
    ],
    "post": 4,
    "created_at": "2025-07-01T15:39:38.587Z"
  }
},
{
  "model": "api.like",
  "pk": 6,
  "fields": {
    "user": [
      "mohamed"
    ],
    "post": 5,
    "created_at": "2025-07-01T15:42:05.108Z"
  }
},
{
  "model": "api.like",
  "pk": 7,
  "fields": {
    "user": [
      "adham"
    ],
    "post": 6,
    "created_at": "2025-07-01T15:43:56.239Z"
  }
},
{
  "model": "api.like",
  "pk": 8,
  "fields": {
    "user": [
      "mohamed"
    ],
    "post": 7,
    "created_at": "2025-07-01T15:46:29.115Z"
  }
},
{
  "model": "api.like",
  "pk": 9,
  "fields": {
    "user": [
      "at0"
    ],
    "post": 8,
    "created_at": "2025-07-01T15:49:33.214Z"
  }
},
{
  "model": "api.like",
  "pk": 10,
  "fields": {
    "user": [
      "at0"
    ],
    "post": 9,
    "created_at": "2025-07-01T15:58:15.795Z"
  }
},
{
  "model": "api.like",
  "pk": 11,
  "fields": {
    "user": [
      "at0"
    ],
    "post": 10,
    "created_at": "2025-07-01T16:01:45.160Z"
  }
},
{
  "model": "api.like",
  "pk": 13,
  "fields": {
    "user": [
      "at0"
    ],
    "post": 11,
    "created_at": "2025-07-01T16:09:07.065Z"
  }
},
{
  "model": "api.like",
  "pk": 14,
  "fields": {
    "user": [
      "at0"
    ],
    "post": 12,
    "created_at": "2025-07-01T16:12:46.901Z"
  }
},
{
  "model": "api.like",
  "pk": 15,
  "fields": {
    "user": [
      "ahmed"
    ],
    "post": 13,
    "created_at": "2025-07-01T16:19:33.319Z"
  }
},
{
  "model": "api.like",
  "pk": 16,
  "fields": {
    "user": [
      "ahmed"
    ],
    "post": 14,
    "created_at": "2025-07-01T16:26:22.823Z"
  }
},
{
  "model": "api.like",
  "pk": 17,
  "fields": {
    "user": [
      "ahmed"
    ],
    "post": 15,
    "created_at": "2025-07-01T16:30:21.483Z"
  }
},
{
  "model": "api.like",
  "pk": 18,
  "fields": {
    "user": [
      "ahmed"
    ],
    "post": 16,
    "created_at": "2025-07-01T16:33:20.008Z"
  }
},
{
  "model": "api.like",
  "pk": 19,
  "fields": {
    "user": [
      "ahmed"
    ],
    "post": 17,
    "created_at": "2025-07-01T16:35:21.897Z"
  }
},
{
  "model": "api.like",
  "pk": 20,
  "fields": {
    "user": [
      "ahmed"
    ],
    "post": 18,
    "created_at": "2025-07-01T16:36:48.543Z"
  }
},
{
  "model": "api.like",
  "pk": 21,
  "fields": {
    "user": [
      "mohamed"
    ],
    "post": 19,
    "created_at": "2025-07-01T16:39:27.031Z"
  }
},
{
  "model": "api.like",
  "pk": 22,
  "fields": {
    "user": [
      "mohamed"
    ],
    "post": 20,
    "created_at": "2025-07-01T16:42:26.362Z"
  }
},
{
  "model": "api.like",
  "pk": 23,
  "fields": {
    "user": [
      "mohamed"
    ],
    "post": 21,
    "created_at": "2025-07-01T16:42:27.306Z"
  }
},
{
  "model": "api.like",
  "pk": 24,
  "fields": {
    "user": [
      "mohamed"
    ],
    "post": 23,
    "created_at": "2025-07-01T16:47:06.784Z"
  }
},
{
  "model": "api.comment",
  "pk": 1,
  "fields": {
    "user": [
      "admin"
    ],
    "post": 1,
    "content": "fist",
    "created_at": "2025-07-01T14:43:41.363Z"
  }
},
{
  "model": "api.comment",
  "pk": 2,
  "fields": {
    "user": [
      "adham"
    ],
    "post": 4,
    "content": "sadd",
    "created_at": "2025-07-01T15:39:43.298Z"
  }
},
{
  "model": "api.favorite",
  "pk": 1,
  "fields": {
    "user": [
      "admin"
    ],
    "post": 1,
    "created_at": "2025-07-01T14:43:41.986Z"
  }
},
{
  "model": "api.favorite",
  "pk": 2,
  "fields": {
    "user": [
      "at0"
    ],
    "post": 2,
    "created_at": "2025-07-01T15:23:49.917Z"
  }
},
{
  "model": "api.favorite",
  "pk": 3,
  "fields": {
    "user": [
      "ahmed"
    ],
    "post": 3,
    "created_at": "2025-07-01T15:28:37.077Z"
  }
},
{
  "model": "api.favorite",
  "pk": 4,
  "fields": {
    "user": [
      "adham"
    ],
    "post": 4,
    "created_at": "2025-07-01T15:39:39.114Z"
  }
},
{
  "model": "api.favorite",
  "pk": 5,
  "fields": {
    "user": [
      "mohamed"
    ],
    "post": 5,
    "created_at": "2025-07-01T15:42:06.373Z"
  }
},
{
  "model": "api.favorite",
  "pk": 6,
  "fields": {
    "user": [
      "adham"
    ],
    "post": 6,
    "created_at": "2025-07-01T15:43:56.815Z"
  }
},
{
  "model": "api.favorite",
  "pk": 7,
  "fields": {
    "user": [
      "mohamed"
    ],
    "post": 7,
    "created_at": "2025-07-01T15:46:29.529Z"
  }
},
{
  "model": "api.favorite",
  "pk": 8,
  "fields": {
    "user": [
      "at0"
    ],
    "post": 8,
    "created_at": "2025-07-01T15:49:33.647Z"
  }
},
{
  "model": "api.phoneproduct",
  "pk": 1,
  "fields": {
    "type": "customed rubber case",
    "modell": "iphone 14",
    "stock": true,
    "price": "30.00",
    "url": "/tough/iPhone_14_t.png"
  }
},
{
  "model": "api.phoneproduct",
  "pk": 2,
  "fields": {
    "type": "customed rubber case",
    "modell": "iphone 14 plus",
    "stock": true,
    "price": "30.00",
    "url": "/tough/iPhone_14_Plus_t.png"
  }
},
{
  "model": "api.phoneproduct",
  "pk": 3,
  "fields": {
    "type": "customed rubber case",
    "modell": "iphone 14 pro",
    "stock": true,
    "price": "30.00",
    "url": "/tough/iPhone_14_Pro_t.png"
  }
},
{
  "model": "api.phoneproduct",
  "pk": 4,
  "fields": {
    "type": "customed rubber case",
    "modell": "iphone 14 pro max",
    "stock": true,
    "price": "30.00",
    "url": "/tough/iPhone_14_Pro_Max_t.png"
  }
},
{
  "model": "api.phoneproduct",
  "pk": 5,
  "fields": {
    "type": "customed rubber case",
    "modell": "iphone 15",
    "stock": true,
    "price": "30.00",
    "url": "/tough/iPhone_15_t.png"
  }
},
{
  "model": "api.phoneproduct",
  "pk": 6,
  "fields": {
    "type": "customed rubber case",
    "modell": "iphone 15 plus",
    "stock": true,
    "price": "30.00",
    "url": "/tough/iPhone_15_Plus_t.png"
  }
},
{
  "model": "api.phoneproduct",
  "pk": 7,
  "fields": {
    "type": "customed rubber case",
    "modell": "iphone 15 pro",
    "stock": true,
    "price": "30.00",
    "url": "/tough/iPhone_15_Pro_t.png"
  }
},
{
  "model": "api.phoneproduct",
  "pk": 8,
  "fields": {
    "type": "customed rubber case",
    "modell": "iphone 15 pro max",
    "stock": true,
    "price": "30.00",
    "url": "/tough/iPhone_15_Pro_Max_t.png"
  }
},
{
  "model": "api.phoneproduct",
  "pk": 9,
  "fields": {
    "type": "customed rubber case",
    "modell": "iphone 16 pro",
    "stock": true,
    "price": "30.00",
    "url": "/tough/iPhone_16_Pro_t.png"
  }
},
{
  "model": "api.phoneproduct",
  "pk": 10,
  "fields": {
    "type": "customed rubber case",
    "modell": "iphone 16 pro max",
    "stock": true,
    "price": "30.00",
    "url": "/tough/iPhone_16_Pro_Max_t.png"
  }
},
{
  "model": "api.phoneproduct",
  "pk": 11,
  "fields": {
    "type": "customed clear case",
    "modell": "iphone se",
    "stock": true,
    "price": "25.00",
    "url": "/normal/iphone_se.png"
  }
},
{
  "model": "api.phoneproduct",
  "pk": 12,
  "fields": {
    "type": "customed clear case",
    "modell": "iphone 7",
    "stock": true,
    "price": "25.00",
    "url": "/normal/iphone_7_8.png"
  }
},
{
  "model": "api.phoneproduct",
  "pk": 13,
  "fields": {
    "type": "customed clear case",
    "modell": "iphone 8",
    "stock": true,
    "price": "25.00",
    "url": "/normal/iphone_7_8.png"
  }
},
{
  "model": "api.phoneproduct",
  "pk": 14,
  "fields": {
    "type": "customed clear case",
    "modell": "iphone 12",
    "stock": true,
    "price": "25.00",
    "url": "/normal/iphone_12.png"
  }
},
{
  "model": "api.phoneproduct",
  "pk": 15,
  "fields": {
    "type": "customed clear case",
    "modell": "iphone 12 mini",
    "stock": true,
    "price": "25.00",
    "url": "/normal/iphone_12_mini.png"
  }
},
{
  "model": "api.phoneproduct",
  "pk": 16,
  "fields": {
    "type": "customed clear case",
    "modell": "iphone 12 pro",
    "stock": true,
    "price": "25.00",
    "url": "/normal/iphone_12_pro.png"
  }
},
{
  "model": "api.phoneproduct",
  "pk": 17,
  "fields": {
    "type": "customed clear case",
    "modell": "iphone 12 pro max",
    "stock": true,
    "price": "25.00",
    "url": "/normal/iphone_12_pro_max.png"
  }
},
{
  "model": "api.phoneproduct",
  "pk": 18,
  "fields": {
    "type": "customed clear case",
    "modell": "iphone 13",
    "stock": true,
    "price": "25.00",
    "url": "/normal/iphone_13.png"
  }
},
{
  "model": "api.phoneproduct",
  "pk": 19,
  "fields": {
    "type": "customed clear case",
    "modell": "iphone 13 mini",
    "stock": true,
    "price": "25.00",
    "url": "/normal/iphone_13_mini.png"
  }
},
{
  "model": "api.phoneproduct",
  "pk": 20,
  "fields": {
    "type": "customed clear case",
    "modell": "iphone 13 pro",
    "stock": true,
    "price": "25.00",
    "url": "/normal/iphone_13_pro.png"
  }
},
{
  "model": "api.phoneproduct",
  "pk": 21,
  "fields": {
    "type": "customed clear case",
    "modell": "iphone 13 pro max",
    "stock": true,
    "price": "25.00",
    "url": "/normal/iphone_13_pro_max.png"
  }
},
{
  "model": "api.phoneproduct",
  "pk": 22,
  "fields": {
    "type": "customed clear case",
    "modell": "iphone 14",
    "stock": true,
    "price": "25.00",
    "url": "/normal/iphone_14.png"
  }
},
{
  "model": "api.phoneproduct",
  "pk": 23,
  "fields": {
    "type": "customed clear case",
    "modell": "iphone 14 plus",
    "stock": true,
    "price": "25.00",
    "url": "/normal/iphone_14_plus.png"
  }
},
{
  "model": "api.phoneproduct",
  "pk": 24,
  "fields": {
    "type": "customed clear case",
    "modell": "iphone 14 pro",
    "stock": true,
    "price": "25.00",
    "url": "/normal/iphone_14_pro.png"
  }
},
{
  "model": "api.phoneproduct",
  "pk": 25,
  "fields": {
    "type": "customed clear case",
    "modell": "iphone 14 pro max",
    "stock": true,
    "price": "25.00",
    "url": "/normal/iphone_14_pro_max.png"
  }
},
{
  "model": "api.phoneproduct",
  "pk": 26,
  "fields": {
    "type": "customed clear case",
    "modell": "samsung a34",
    "stock": true,
    "price": "25.00",
    "url": "/normal/samsung_a34.jpg"
  }
},
{
  "model": "api.phoneproduct",
  "pk": 27,
  "fields": {
    "type": "customed clear case",
    "modell": "samsung a54",
    "stock": true,
    "price": "25.00",
    "url": "/normal/samsung_a54.png"
  }
},
{
  "model": "api.phoneproduct",
  "pk": 28,
  "fields": {
    "type": "customed clear case",
    "modell": "samsung galaxy note 8",
    "stock": true,
    "price": "25.00",
    "url": "/normal/samsung_galaxy_note_8.png"
  }
},
{
  "model": "api.phoneproduct",
  "pk": 29,
  "fields": {
    "type": "customed clear case",
    "modell": "samsung galaxy note 12",
    "stock": true,
    "price": "25.00",
    "url": "/normal/samsung_galaxy_note_12.png"
  }
},
{
  "model": "api.phoneproduct",
  "pk": 30,
  "fields": {
    "type": "customed clear case",
    "modell": "samsung galaxy s23",
    "stock": true,
    "price": "25.00",
    "url": "/normal/samsung_galaxy_s23.webp"
  }
},
{
  "model": "api.phoneproduct",
  "pk": 31,
  "fields": {
    "type": "customed clear case",
    "modell": "oppo a60",
    "stock": true,
    "price": "25.00",
    "url": "/normal/oppo_a60.jpg"
  }
},
{
  "model": "api.phoneproduct",
  "pk": 32,
  "fields": {
    "type": "customed clear case",
    "modell": "oppo reno 4z",
    "stock": true,
    "price": "25.00",
    "url": "/normal/oppo_reno_4z.avif"
  }
},
{
  "model": "api.phoneproduct",
  "pk": 33,
  "fields": {
    "type": "customed clear case",
    "modell": "oppo reno 5 lite",
    "stock": true,
    "price": "25.00",
    "url": "/normal/oppo_reno_5_lite.avif"
  }
},
{
  "model": "api.phoneproduct",
  "pk": 34,
  "fields": {
    "type": "customed clear case",
    "modell": "oppo reno 6",
    "stock": true,
    "price": "25.00",
    "url": "/normal/oppo_reno_6.jpg"
  }
},
{
  "model": "api.phoneproduct",
  "pk": 35,
  "fields": {
    "type": "customed clear case",
    "modell": "oppo reno 12",
    "stock": true,
    "price": "25.00",
    "url": "/normal/oppo_reno_12.jpg"
  }
},
{
  "model": "api.phoneproduct",
  "pk": 36,
  "fields": {
    "type": "customed clear case",
    "modell": "redmi 13 pro",
    "stock": true,
    "price": "25.00",
    "url": "/normal/redmi_13_pro.webp"
  }
},
{
  "model": "api.phoneproduct",
  "pk": 37,
  "fields": {
    "type": "customed clear case",
    "modell": "redmi a3",
    "stock": true,
    "price": "25.00",
    "url": "/normal/redmi_a3.avif"
  }
},
{
  "model": "api.phoneproduct",
  "pk": 38,
  "fields": {
    "type": "customed clear case",
    "modell": "redmi note 12",
    "stock": true,
    "price": "25.00",
    "url": "/normal/redmi_note_12.jpg"
  }
},
{
  "model": "api.phoneproduct",
  "pk": 39,
  "fields": {
    "type": "customed clear case",
    "modell": "redmi note 11 pro",
    "stock": true,
    "price": "25.00",
    "url": "/normal/redmi_note_11_pro.avif"
  }
},
{
  "model": "api.phoneproduct",
  "pk": 40,
  "fields": {
    "type": "customed clear case",
    "modell": "redmi note 10",
    "stock": true,
    "price": "25.00",
    "url": "/normal/redmi_note_10.jpg"
  }
},
{
  "model": "api.notification",
  "pk": 1,
  "fields": {
    "user": [
      "admin"
    ],
    "action_user": [
      "admin"
    ],
    "design": 1,
    "notification_type": "like",
    "message": "admin liked your design",
    "is_read": true,
    "created_at": "2025-07-01T14:43:37.317Z"
  }
},
{
  "model": "api.notification",
  "pk": 2,
  "fields": {
    "user": [
      "admin"
    ],
    "action_user": [
      "admin"
    ],
    "design": 1,
    "notification_type": "comment",
    "message": "admin commented on your design: fist",
    "is_read": true,
    "created_at": "2025-07-01T14:43:41.388Z"
  }
},
{
  "model": "api.notification",
  "pk": 3,
  "fields": {
    "user": [
      "admin"
    ],
    "action_user": [
      "admin"
    ],
    "design": 1,
    "notification_type": "favorite",
    "message": "admin favorited your design",
    "is_read": true,
    "created_at": "2025-07-01T14:43:42.069Z"
  }
},
{
  "model": "api.notification",
  "pk": 4,
  "fields": {
    "user": [
      "at0"
    ],
    "action_user": [
      "at0"
    ],
    "design": 2,
    "notification_type": "like",
    "message": "at0 liked your design",
    "is_read": true,
    "created_at": "2025-07-01T15:23:49.592Z"
  }
},
{
  "model": "api.notification",
  "pk": 5,
  "fields": {
    "user": [
      "at0"
    ],
    "action_user": [
      "at0"
    ],
    "design": 2,
    "notification_type": "favorite",
    "message": "at0 favorited your design",
    "is_read": true,
    "created_at": "2025-07-01T15:23:49.928Z"
  }
},
{
  "model": "api.notification",
  "pk": 6,
  "fields": {
    "user": [
      "ahmed"
    ],
    "action_user": [
      "ahmed"
    ],
    "design": 3,
    "notification_type": "like",
    "message": "ahmed liked your design",
    "is_read": true,
    "created_at": "2025-07-01T15:28:36.693Z"
  }
},
{
  "model": "api.notification",
  "pk": 7,
  "fields": {
    "user": [
      "ahmed"
    ],
    "action_user": [
      "ahmed"
    ],
    "design": 3,
    "notification_type": "favorite",
    "message": "ahmed favorited your design",
    "is_read": true,
    "created_at": "2025-07-01T15:28:37.080Z"
  }
},
{
  "model": "api.notification",
  "pk": 8,
  "fields": {
    "user": [
      "ahmed"
    ],
    "action_user": [
      "admin"
    ],
    "design": 3,
    "notification_type": "like",
    "message": "admin liked your design",
    "is_read": true,
    "created_at": "2025-07-01T15:32:07.653Z"
  }
},
{
  "model": "api.notification",
  "pk": 9,
  "fields": {
    "user": [
      "adham"
    ],
    "action_user": [
      "adham"
    ],
    "design": 4,
    "notification_type": "like",
    "message": "adham liked your design",
    "is_read": false,
    "created_at": "2025-07-01T15:39:38.643Z"
  }
},
{
  "model": "api.notification",
  "pk": 10,
  "fields": {
    "user": [
      "adham"
    ],
    "action_user": [
      "adham"
    ],
    "design": 4,
    "notification_type": "favorite",
    "message": "adham favorited your design",
    "is_read": false,
    "created_at": "2025-07-01T15:39:39.156Z"
  }
},
{
  "model": "api.notification",
  "pk": 11,
  "fields": {
    "user": [
      "adham"
    ],
    "action_user": [
      "adham"
    ],
    "design": 4,
    "notification_type": "comment",
    "message": "adham commented on your design: sadd",
    "is_read": false,
    "created_at": "2025-07-01T15:39:43.301Z"
  }
},
{
  "model": "api.notification",
  "pk": 12,
  "fields": {
    "user": [
      "mohamed"
    ],
    "action_user": [
      "mohamed"
    ],
    "design": 5,
    "notification_type": "like",
    "message": "mohamed liked your design",
    "is_read": false,
    "created_at": "2025-07-01T15:42:05.150Z"
  }
},
{
  "model": "api.notification",
  "pk": 13,
  "fields": {
    "user": [
      "mohamed"
    ],
    "action_user": [
      "mohamed"
    ],
    "design": 5,
    "notification_type": "favorite",
    "message": "mohamed favorited your design",
    "is_read": false,
    "created_at": "2025-07-01T15:42:06.414Z"
  }
},
{
  "model": "api.notification",
  "pk": 14,
  "fields": {
    "user": [
      "adham"
    ],
    "action_user": [
      "adham"
    ],
    "design": 6,
    "notification_type": "like",
    "message": "adham liked your design",
    "is_read": false,
    "created_at": "2025-07-01T15:43:56.281Z"
  }
},
{
  "model": "api.notification",
  "pk": 15,
  "fields": {
    "user": [
      "adham"
    ],
    "action_user": [
      "adham"
    ],
    "design": 6,
    "notification_type": "favorite",
    "message": "adham favorited your design",
    "is_read": false,
    "created_at": "2025-07-01T15:43:56.862Z"
  }
},
{
  "model": "api.notification",
  "pk": 16,
  "fields": {
    "user": [
      "mohamed"
    ],
    "action_user": [
      "mohamed"
    ],
    "design": 7,
    "notification_type": "like",
    "message": "mohamed liked your design",
    "is_read": false,
    "created_at": "2025-07-01T15:46:29.157Z"
  }
},
{
  "model": "api.notification",
  "pk": 17,
  "fields": {
    "user": [
      "mohamed"
    ],
    "action_user": [
      "mohamed"
    ],
    "design": 7,
    "notification_type": "favorite",
    "message": "mohamed favorited your design",
    "is_read": false,
    "created_at": "2025-07-01T15:46:29.533Z"
  }
},
{
  "model": "api.notification",
  "pk": 18,
  "fields": {
    "user": [
      "at0"
    ],
    "action_user": [
      "at0"
    ],
    "design": 8,
    "notification_type": "like",
    "message": "at0 liked your design",
    "is_read": true,
    "created_at": "2025-07-01T15:49:33.225Z"
  }
},
{
  "model": "api.notification",
  "pk": 19,
  "fields": {
    "user": [
      "at0"
    ],
    "action_user": [
      "at0"
    ],
    "design": 8,
    "notification_type": "favorite",
    "message": "at0 favorited your design",
    "is_read": true,
    "created_at": "2025-07-01T15:49:33.652Z"
  }
},
{
  "model": "api.notification",
  "pk": 20,
  "fields": {
    "user": [
      "at0"
    ],
    "action_user": [
      "at0"
    ],
    "design": 9,
    "notification_type": "like",
    "message": "at0 liked your design",
    "is_read": true,
    "created_at": "2025-07-01T15:58:15.836Z"
  }
},
{
  "model": "api.notification",
  "pk": 21,
  "fields": {
    "user": [
      "at0"
    ],
    "action_user": [
      "at0"
    ],
    "design": 10,
    "notification_type": "like",
    "message": "at0 liked your design",
    "is_read": false,
    "created_at": "2025-07-01T16:01:45.206Z"
  }
},
{
  "model": "api.notification",
  "pk": 23,
  "fields": {
    "user": [
      "at0"
    ],
    "action_user": [
      "at0"
    ],
    "design": 11,
    "notification_type": "like",
    "message": "at0 liked your design",
    "is_read": false,
    "created_at": "2025-07-01T16:09:07.104Z"
  }
},
{
  "model": "api.notification",
  "pk": 24,
  "fields": {
    "user": [
      "at0"
    ],
    "action_user": [
      "at0"
    ],
    "design": 12,
    "notification_type": "like",
    "message": "at0 liked your design",
    "is_read": false,
    "created_at": "2025-07-01T16:12:46.965Z"
  }
},
{
  "model": "api.notification",
  "pk": 25,
  "fields": {
    "user": [
      "ahmed"
    ],
    "action_user": [
      "ahmed"
    ],
    "design": 13,
    "notification_type": "like",
    "message": "ahmed liked your design",
    "is_read": true,
    "created_at": "2025-07-01T16:19:33.517Z"
  }
},
{
  "model": "api.notification",
  "pk": 26,
  "fields": {
    "user": [
      "ahmed"
    ],
    "action_user": [
      "ahmed"
    ],
    "design": 14,
    "notification_type": "like",
    "message": "ahmed liked your design",
    "is_read": true,
    "created_at": "2025-07-01T16:26:22.865Z"
  }
},
{
  "model": "api.notification",
  "pk": 27,
  "fields": {
    "user": [
      "ahmed"
    ],
    "action_user": [
      "ahmed"
    ],
    "design": 15,
    "notification_type": "like",
    "message": "ahmed liked your design",
    "is_read": true,
    "created_at": "2025-07-01T16:30:21.487Z"
  }
},
{
  "model": "api.notification",
  "pk": 28,
  "fields": {
    "user": [
      "ahmed"
    ],
    "action_user": [
      "ahmed"
    ],
    "design": 16,
    "notification_type": "like",
    "message": "ahmed liked your design",
    "is_read": true,
    "created_at": "2025-07-01T16:33:20.052Z"
  }
},
{
  "model": "api.notification",
  "pk": 29,
  "fields": {
    "user": [
      "ahmed"
    ],
    "action_user": [
      "ahmed"
    ],
    "design": 17,
    "notification_type": "like",
    "message": "ahmed liked your design",
    "is_read": true,
    "created_at": "2025-07-01T16:35:21.902Z"
  }
},
{
  "model": "api.notification",
  "pk": 30,
  "fields": {
    "user": [
      "ahmed"
    ],
    "action_user": [
      "ahmed"
    ],
    "design": 18,
    "notification_type": "like",
    "message": "ahmed liked your design",
    "is_read": true,
    "created_at": "2025-07-01T16:36:48.586Z"
  }
},
{
  "model": "api.notification",
  "pk": 31,
  "fields": {
    "user": [
      "mohamed"
    ],
    "action_user": [
      "mohamed"
    ],
    "design": 19,
    "notification_type": "like",
    "message": "mohamed liked your design",
    "is_read": false,
    "created_at": "2025-07-01T16:39:27.073Z"
  }
},
{
  "model": "api.notification",
  "pk": 32,
  "fields": {
    "user": [
      "mohamed"
    ],
    "action_user": [
      "mohamed"
    ],
    "design": 20,
    "notification_type": "like",
    "message": "mohamed liked your design",
    "is_read": false,
    "created_at": "2025-07-01T16:42:26.404Z"
  }
},
{
  "model": "api.notification",
  "pk": 33,
  "fields": {
    "user": [
      "mohamed"
    ],
    "action_user": [
      "mohamed"
    ],
    "design": 21,
    "notification_type": "like",
    "message": "mohamed liked your design",
    "is_read": false,
    "created_at": "2025-07-01T16:42:27.310Z"
  }
},
{
  "model": "api.notification",
  "pk": 34,
  "fields": {
    "user": [
      "mohamed"
    ],
    "action_user": [
      "mohamed"
    ],
    "design": 23,
    "notification_type": "like",
    "message": "mohamed liked your design",
    "is_read": false,
    "created_at": "2025-07-01T16:47:06.787Z"
  }
},
{
  "model": "api.design",
  "pk": 1,
  "fields": {
    "image_url": "https://res.cloudinary.com/daalfrqob/image/upload/v1751380916/blob_r4txub.png",
    "user": [
      "admin"
    ],
    "stock": false,
    "modell": "iphone 14 pro",
    "type": "customed clear case",
    "sku": "none",
    "price": "30.00",
    "theclass": "Funny & Meme-Based",
    "created_at": "2025-07-01T14:41:58.489Z",
    "color1": "Green",
    "color2": "Brown",
    "color3": "Orange"
  }
},
{
  "model": "api.design",
  "pk": 2,
  "fields": {
    "image_url": "https://res.cloudinary.com/daalfrqob/image/upload/v1751383364/blob_dlidgv.png",
    "user": [
      "at0"
    ],
    "stock": true,
    "modell": "iphone 14",
    "type": "customed rubber case",
    "sku": "none",
    "price": "30.00",
    "theclass": "Extreme Sports",
    "created_at": "2025-07-01T15:22:46.494Z",
    "color1": "Black",
    "color2": "Brown",
    "color3": "Orange"
  }
},
{
  "model": "api.design",
  "pk": 3,
  "fields": {
    "image_url": "https://res.cloudinary.com/daalfrqob/image/upload/v1751383659/blob_q2ufjq.png",
    "user": [
      "ahmed"
    ],
    "stock": true,
    "modell": "oppo reno 6",
    "type": "customed clear case",
    "sku": "none",
    "price": "25.00",
    "theclass": "Motivational & Inspirational",
    "created_at": "2025-07-01T15:27:41.201Z",
    "color1": "Black",
    "color2": "Beige",
    "color3": "Orange"
  }
},
{
  "model": "api.design",
  "pk": 4,
  "fields": {
    "image_url": "https://res.cloudinary.com/daalfrqob/image/upload/v1751384333/blob_i8661w.png",
    "user": [
      "adham"
    ],
    "stock": false,
    "modell": "iphone 12 pro max",
    "type": "customed clear case",
    "sku": "none",
    "price": "30.00",
    "theclass": "Abstract & Minimalist",
    "created_at": "2025-07-01T15:38:54.642Z",
    "color1": "White",
    "color2": "Orange",
    "color3": "Black"
  }
},
{
  "model": "api.design",
  "pk": 5,
  "fields": {
    "image_url": "https://res.cloudinary.com/daalfrqob/image/upload/v1751384481/blob_wjbyvy.png",
    "user": [
      "mohamed"
    ],
    "stock": false,
    "modell": "samsung a54",
    "type": "customed clear case",
    "sku": "none",
    "price": "30.00",
    "theclass": "Dark & Gothic",
    "created_at": "2025-07-01T15:41:22.830Z",
    "color1": "Black",
    "color2": "Purple",
    "color3": "Gray"
  }
},
{
  "model": "api.design",
  "pk": 6,
  "fields": {
    "image_url": "https://res.cloudinary.com/daalfrqob/image/upload/v1751384590/blob_se4yjd.png",
    "user": [
      "adham"
    ],
    "stock": false,
    "modell": "iphone 15",
    "type": "customed rubber case",
    "sku": "none",
    "price": "30.00",
    "theclass": "Funny & Meme-Based",
    "created_at": "2025-07-01T15:43:12.242Z",
    "color1": "Black",
    "color2": "Light Purple",
    "color3": "Orange"
  }
},
{
  "model": "api.design",
  "pk": 7,
  "fields": {
    "image_url": "https://res.cloudinary.com/daalfrqob/image/upload/v1751384746/blob_rvb2vb.png",
    "user": [
      "mohamed"
    ],
    "stock": false,
    "modell": "iphone 16 max",
    "type": "customed rubber case",
    "sku": "none",
    "price": "30.00",
    "theclass": "Anime & Manga",
    "created_at": "2025-07-01T15:45:48.324Z",
    "color1": "Black",
    "color2": "Orange",
    "color3": "Dark Blue"
  }
},
{
  "model": "api.design",
  "pk": 8,
  "fields": {
    "image_url": "https://res.cloudinary.com/daalfrqob/image/upload/v1751384935/blob_wwb0pi.png",
    "user": [
      "at0"
    ],
    "stock": false,
    "modell": "iphone 14 pro max",
    "type": "customed clear case",
    "sku": "none",
    "price": "30.00",
    "theclass": "Astrology & Zodiac Signs",
    "created_at": "2025-07-01T15:48:56.769Z",
    "color1": "Black",
    "color2": "Light Purple",
    "color3": "Purple"
  }
},
{
  "model": "api.design",
  "pk": 9,
  "fields": {
    "image_url": "https://res.cloudinary.com/daalfrqob/image/upload/v1751385425/blob_hbblsr.png",
    "user": [
      "at0"
    ],
    "stock": false,
    "modell": "iphone 13",
    "type": "customed clear case",
    "sku": "none",
    "price": "30.00",
    "theclass": "Abstract & Minimalist",
    "created_at": "2025-07-01T15:57:06.548Z",
    "color1": "Black",
    "color2": "Orange",
    "color3": "Brown"
  }
},
{
  "model": "api.design",
  "pk": 10,
  "fields": {
    "image_url": "https://res.cloudinary.com/daalfrqob/image/upload/v1751385664/blob_my1jeg.png",
    "user": [
      "at0"
    ],
    "stock": false,
    "modell": "redmi a3",
    "type": "customed clear case",
    "sku": "none",
    "price": "30.00",
    "theclass": "Anime & Manga",
    "created_at": "2025-07-01T16:01:06.392Z",
    "color1": "Dark Blue",
    "color2": "Black",
    "color3": "Gray"
  }
},
{
  "model": "api.design",
  "pk": 11,
  "fields": {
    "image_url": "https://res.cloudinary.com/daalfrqob/image/upload/v1751385869/blob_ob6chx.png",
    "user": [
      "at0"
    ],
    "stock": false,
    "modell": "iphone 14 plus",
    "type": "customed clear case",
    "sku": "none",
    "price": "30.00",
    "theclass": "Cartoons & Animated Characters",
    "created_at": "2025-07-01T16:04:30.800Z",
    "color1": "Beige",
    "color2": "Black",
    "color3": "Orange"
  }
},
{
  "model": "api.design",
  "pk": 12,
  "fields": {
    "image_url": "https://res.cloudinary.com/daalfrqob/image/upload/v1751386266/blob_mqnmoq.png",
    "user": [
      "at0"
    ],
    "stock": false,
    "modell": "iphone 14",
    "type": "customed rubber case",
    "sku": "none",
    "price": "30.00",
    "theclass": "Glitch & Vaporwave",
    "created_at": "2025-07-01T16:11:07.499Z",
    "color1": "Dark Blue",
    "color2": "Black",
    "color3": "Light Purple"
  }
},
{
  "model": "api.design",
  "pk": 13,
  "fields": {
    "image_url": "https://res.cloudinary.com/daalfrqob/image/upload/v1751386734/blob_cx96vt.png",
    "user": [
      "ahmed"
    ],
    "stock": false,
    "modell": "iphone 12",
    "type": "customed clear case",
    "sku": "none",
    "price": "30.00",
    "theclass": "Cartoons & Animated Characters",
    "created_at": "2025-07-01T16:18:56.177Z",
    "color1": "Orange",
    "color2": "Black",
    "color3": "Beige"
  }
},
{
  "model": "api.design",
  "pk": 14,
  "fields": {
    "image_url": "https://res.cloudinary.com/daalfrqob/image/upload/v1751387142/blob_mioupq.png",
    "user": [
      "ahmed"
    ],
    "stock": false,
    "modell": "samsung galaxy note 8",
    "type": "customed clear case",
    "sku": "none",
    "price": "30.00",
    "theclass": "Funny & Meme-Based",
    "created_at": "2025-07-01T16:25:43.819Z",
    "color1": "Purple",
    "color2": "Brown",
    "color3": "Light Purple"
  }
},
{
  "model": "api.design",
  "pk": 15,
  "fields": {
    "image_url": "https://res.cloudinary.com/daalfrqob/image/upload/v1751387336/blob_p6hl1p.png",
    "user": [
      "ahmed"
    ],
    "stock": false,
    "modell": "samsung a34",
    "type": "customed clear case",
    "sku": "none",
    "price": "30.00",
    "theclass": "Cats & Dogs",
    "created_at": "2025-07-01T16:28:57.669Z",
    "color1": "Dark Blue",
    "color2": "Green",
    "color3": "Black"
  }
},
{
  "model": "api.design",
  "pk": 16,
  "fields": {
    "image_url": "https://res.cloudinary.com/daalfrqob/image/upload/v1751387534/blob_jclpwd.png",
    "user": [
      "ahmed"
    ],
    "stock": false,
    "modell": "iphone 14 plus",
    "type": "customed rubber case",
    "sku": "none",
    "price": "30.00",
    "theclass": "Funny & Meme-Based",
    "created_at": "2025-07-01T16:32:16.594Z",
    "color1": "Purple",
    "color2": "Black",
    "color3": "Green"
  }
},
{
  "model": "api.design",
  "pk": 17,
  "fields": {
    "image_url": "https://res.cloudinary.com/daalfrqob/image/upload/v1751387683/blob_bovxdr.png",
    "user": [
      "ahmed"
    ],
    "stock": false,
    "modell": "iphone 13",
    "type": "customed clear case",
    "sku": "none",
    "price": "30.00",
    "theclass": "Wildlife & Exotic Animals",
    "created_at": "2025-07-01T16:34:45.125Z",
    "color1": "Beige",
    "color2": "Black",
    "color3": "Orange"
  }
},
{
  "model": "api.design",
  "pk": 18,
  "fields": {
    "image_url": "https://res.cloudinary.com/daalfrqob/image/upload/v1751387775/blob_frrgzz.png",
    "user": [
      "ahmed"
    ],
    "stock": false,
    "modell": "iphone 14",
    "type": "customed rubber case",
    "sku": "none",
    "price": "30.00",
    "theclass": "Funny & Meme-Based",
    "created_at": "2025-07-01T16:36:17.590Z",
    "color1": "Yellow",
    "color2": "Dark Blue",
    "color3": "Orange"
  }
},
{
  "model": "api.design",
  "pk": 19,
  "fields": {
    "image_url": "https://res.cloudinary.com/daalfrqob/image/upload/v1751387917/blob_bsgw3l.png",
    "user": [
      "mohamed"
    ],
    "stock": false,
    "modell": "iphone 7",
    "type": "customed clear case",
    "sku": "none",
    "price": "30.00",
    "theclass": "Pop Culture & Music",
    "created_at": "2025-07-01T16:38:39.346Z",
    "color1": "Black",
    "color2": "Purple",
    "color3": "Gray"
  }
},
{
  "model": "api.design",
  "pk": 20,
  "fields": {
    "image_url": "https://res.cloudinary.com/daalfrqob/image/upload/v1751388014/blob_gvduxj.png",
    "user": [
      "mohamed"
    ],
    "stock": false,
    "modell": "iphone 14",
    "type": "customed clear case",
    "sku": "none",
    "price": "30.00",
    "theclass": "Abstract & Minimalist",
    "created_at": "2025-07-01T16:40:16.128Z",
    "color1": "Green",
    "color2": "Blue",
    "color3": "Dark Blue"
  }
},
{
  "model": "api.design",
  "pk": 21,
  "fields": {
    "image_url": "https://res.cloudinary.com/daalfrqob/image/upload/v1751388105/blob_hrwmm4.png",
    "user": [
      "mohamed"
    ],
    "stock": false,
    "modell": "iphone 14 pro max",
    "type": "customed rubber case",
    "sku": "none",
    "price": "30.00",
    "theclass": "Cartoons & Animated Characters",
    "created_at": "2025-07-01T16:41:47.771Z",
    "color1": "Purple",
    "color2": "Dark Blue",
    "color3": "Green"
  }
},
{
  "model": "api.design",
  "pk": 22,
  "fields": {
    "image_url": "https://res.cloudinary.com/daalfrqob/image/upload/v1751388202/blob_stefdz.png",
    "user": [
      "mohamed"
    ],
    "stock": false,
    "modell": "iphone 7",
    "type": "customed clear case",
    "sku": "none",
    "price": "30.00",
    "theclass": "Funny & Meme-Based",
    "created_at": "2025-07-01T16:43:23.485Z",
    "color1": "Light Purple",
    "color2": "Dark Blue",
    "color3": "Black"
  }
},
{
  "model": "api.design",
  "pk": 23,
  "fields": {
    "image_url": "https://res.cloudinary.com/daalfrqob/image/upload/v1751388366/blob_srmpxw.png",
    "user": [
      "mohamed"
    ],
    "stock": false,
    "modell": "samsung galaxy note 12",
    "type": "customed clear case",
    "sku": "none",
    "price": "30.00",
    "theclass": "Cyberpunk & Sci-Fi",
    "created_at": "2025-07-01T16:46:08.463Z",
    "color1": "Orange",
    "color2": "Black",
    "color3": "Dark Blue"
  }
},
{
  "model": "api.design",
  "pk": 24,
  "fields": {
    "image_url": "https://res.cloudinary.com/daalfrqob/image/upload/v1751388493/blob_dqqthc.png",
    "user": [
      "adham"
    ],
    "stock": false,
    "modell": "iphone 15 pro",
    "type": "customed rubber case",
    "sku": "none",
    "price": "30.00",
    "theclass": "Funny & Meme-Based",
    "created_at": "2025-07-01T16:48:14.672Z",
    "color1": "Orange",
    "color2": "Beige",
    "color3": "Brown"
  }
},
{
  "model": "api.design",
  "pk": 25,
  "fields": {
    "image_url": "https://res.cloudinary.com/daalfrqob/image/upload/v1751388760/blob_stekrs.png",
    "user": [
      "adham"
    ],
    "stock": false,
    "modell": "iphone 12 pro max",
    "type": "customed clear case",
    "sku": "none",
    "price": "30.00",
    "theclass": "Funny & Meme-Based",
    "created_at": "2025-07-01T16:52:42.064Z",
    "color1": "Orange",
    "color2": "Black",
    "color3": "Gray"
  }
},
{
  "model": "api.design",
  "pk": 26,
  "fields": {
    "image_url": "https://res.cloudinary.com/daalfrqob/image/upload/v1751388804/blob_n1whjy.png",
    "user": [
      "adham"
    ],
    "stock": false,
    "modell": "redmi 13 pro",
    "type": "customed clear case",
    "sku": "none",
    "price": "30.00",
    "theclass": "Cats & Dogs",
    "created_at": "2025-07-01T16:53:26.250Z",
    "color1": "Orange",
    "color2": "Black",
    "color3": "Purple"
  }
},
{
  "model": "api.design",
  "pk": 27,
  "fields": {
    "image_url": "https://res.cloudinary.com/daalfrqob/image/upload/v1751388883/blob_azrzej.png",
    "user": [
      "adham"
    ],
    "stock": false,
    "modell": "iphone 12",
    "type": "customed clear case",
    "sku": "none",
    "price": "30.00",
    "theclass": "Pop Culture & Music",
    "created_at": "2025-07-01T16:54:44.993Z",
    "color1": "Black",
    "color2": "Gray",
    "color3": "Dark Blue"
  }
},
{
  "model": "api.design",
  "pk": 28,
  "fields": {
    "image_url": "https://res.cloudinary.com/daalfrqob/image/upload/v1751388919/blob_jhx1qf.png",
    "user": [
      "adham"
    ],
    "stock": false,
    "modell": "iphone 12",
    "type": "customed clear case",
    "sku": "none",
    "price": "30.00",
    "theclass": "Pop Culture & Music",
    "created_at": "2025-07-01T16:55:21.181Z",
    "color1": "Black",
    "color2": "Orange",
    "color3": "Brown"
  }
},
{
  "model": "api.design",
  "pk": 29,
  "fields": {
    "image_url": "https://res.cloudinary.com/daalfrqob/image/upload/v1751388978/blob_gzyari.png",
    "user": [
      "adham"
    ],
    "stock": false,
    "modell": "samsung a54",
    "type": "customed clear case",
    "sku": "none",
    "price": "30.00",
    "theclass": "Fantasy Creatures",
    "created_at": "2025-07-01T16:56:19.556Z",
    "color1": "Black",
    "color2": "Purple",
    "color3": "Orange"
  }
},
{
  "model": "api.design",
  "pk": 30,
  "fields": {
    "image_url": "https://res.cloudinary.com/daalfrqob/image/upload/v1751389064/blob_stekda.png",
    "user": [
      "admin"
    ],
    "stock": false,
    "modell": "iphone 7",
    "type": "customed clear case",
    "sku": "none",
    "price": "30.00",
    "theclass": "Abstract & Minimalist",
    "created_at": "2025-07-01T16:57:46.135Z",
    "color1": "Black",
    "color2": "Dark Blue",
    "color3": "Purple"
  }
},
{
  "model": "api.design",
  "pk": 31,
  "fields": {
    "image_url": "https://res.cloudinary.com/daalfrqob/image/upload/v1751389147/blob_rmtrv0.png",
    "user": [
      "admin"
    ],
    "stock": false,
    "modell": "iphone 15",
    "type": "customed rubber case",
    "sku": "none",
    "price": "30.00",
    "theclass": "unknown",
    "created_at": "2025-07-01T16:59:09.497Z",
    "color1": "",
    "color2": "",
    "color3": ""
  }
},
{
  "model": "api.design",
  "pk": 32,
  "fields": {
    "image_url": "https://res.cloudinary.com/daalfrqob/image/upload/v1751389203/blob_pctlxe.png",
    "user": [
      "admin"
    ],
    "stock": false,
    "modell": "iphone 12",
    "type": "customed clear case",
    "sku": "none",
    "price": "30.00",
    "theclass": "Abstract & Minimalist",
    "created_at": "2025-07-01T17:00:08.483Z",
    "color1": "Gray",
    "color2": "Dark Blue",
    "color3": "Purple"
  }
},
{
  "model": "api.design",
  "pk": 33,
  "fields": {
    "image_url": "https://res.cloudinary.com/daalfrqob/image/upload/v1751389293/blob_avkzbq.png",
    "user": [
      "admin"
    ],
    "stock": false,
    "modell": "iphone 12",
    "type": "customed clear case",
    "sku": "none",
    "price": "30.00",
    "theclass": "Extreme Sports",
    "created_at": "2025-07-01T17:01:35.068Z",
    "color1": "Gray",
    "color2": "Black",
    "color3": "Purple"
  }
},
{
  "model": "api.design",
  "pk": 34,
  "fields": {
    "image_url": "https://res.cloudinary.com/daalfrqob/image/upload/v1751389352/blob_ylisd7.png",
    "user": [
      "admin"
    ],
    "stock": false,
    "modell": "iphone 13 pro max",
    "type": "customed clear case",
    "sku": "none",
    "price": "30.00",
    "theclass": "Cyberpunk & Sci-Fi",
    "created_at": "2025-07-01T17:02:34.137Z",
    "color1": "Dark Blue",
    "color2": "Purple",
    "color3": "Black"
  }
},
{
  "model": "api.design",
  "pk": 35,
  "fields": {
    "image_url": "https://res.cloudinary.com/daalfrqob/image/upload/v1751389546/blob_kxwmsm.png",
    "user": [
      "admin"
    ],
    "stock": false,
    "modell": "iphone 14 pro max",
    "type": "customed rubber case",
    "sku": "none",
    "price": "30.00",
    "theclass": "Dark & Gothic",
    "created_at": "2025-07-01T17:05:48.588Z",
    "color1": "Dark Blue",
    "color2": "Light Purple",
    "color3": "Orange"
  }
},
{
  "model": "api.design",
  "pk": 36,
  "fields": {
    "image_url": "https://res.cloudinary.com/daalfrqob/image/upload/v1751389652/blob_pisbos.png",
    "user": [
      "admin"
    ],
    "stock": false,
    "modell": "iphone 13",
    "type": "customed clear case",
    "sku": "none",
    "price": "30.00",
    "theclass": "Wildlife & Exotic Animals",
    "created_at": "2025-07-01T17:07:33.655Z",
    "color1": "Blue",
    "color2": "Black",
    "color3": "Light Purple"
  }
},
{
  "model": "api.design",
  "pk": 37,
  "fields": {
    "image_url": "https://res.cloudinary.com/daalfrqob/image/upload/v1751389778/blob_e6ru4b.png",
    "user": [
      "admin"
    ],
    "stock": false,
    "modell": "samsung a54",
    "type": "customed clear case",
    "sku": "none",
    "price": "30.00",
    "theclass": "Cartoons & Animated Characters",
    "created_at": "2025-07-01T17:09:40.282Z",
    "color1": "Black",
    "color2": "Green",
    "color3": "Orange"
  }
},
{
  "model": "api.post",
  "pk": 1,
  "fields": {
    "user": [
      "admin"
    ],
    "design": 1,
    "caption": "cool dog",
    "description": "sub dawg",
    "created_at": "2025-07-01T14:43:13.709Z",
    "hashtags": [
      1,
      2,
      3,
      4
    ]
  }
},
{
  "model": "api.post",
  "pk": 2,
  "fields": {
    "user": [
      "at0"
    ],
    "design": 2,
    "caption": "Am I?",
    "description": "Spider dumb",
    "created_at": "2025-07-01T15:23:33.839Z",
    "hashtags": [
      5,
      6,
      7,
      8,
      9
    ]
  }
},
{
  "model": "api.post",
  "pk": 3,
  "fields": {
    "user": [
      "ahmed"
    ],
    "design": 3,
    "caption": "for the better ",
    "description": "motiv",
    "created_at": "2025-07-01T15:28:15.112Z",
    "hashtags": [
      10
    ]
  }
},
{
  "model": "api.post",
  "pk": 4,
  "fields": {
    "user": [
      "adham"
    ],
    "design": 4,
    "caption": "looook",
    "description": "DUCKBUCK",
    "created_at": "2025-07-01T15:39:29.510Z",
    "hashtags": [
      1,
      4,
      11,
      12
    ]
  }
},
{
  "model": "api.post",
  "pk": 5,
  "fields": {
    "user": [
      "mohamed"
    ],
    "design": 5,
    "caption": "albachino in luv",
    "description": "THE EYES TBH",
    "created_at": "2025-07-01T15:41:58.690Z",
    "hashtags": [
      4,
      9,
      13,
      14
    ]
  }
},
{
  "model": "api.post",
  "pk": 6,
  "fields": {
    "user": [
      "adham"
    ],
    "design": 6,
    "caption": "sneeky deadpool",
    "description": "go away",
    "created_at": "2025-07-01T15:43:48.842Z",
    "hashtags": [
      1,
      7,
      9,
      15
    ]
  }
},
{
  "model": "api.post",
  "pk": 7,
  "fields": {
    "user": [
      "mohamed"
    ],
    "design": 7,
    "caption": "thoughtless",
    "description": "we see you see",
    "created_at": "2025-07-01T15:46:21.934Z",
    "hashtags": [
      4,
      6,
      7,
      12,
      13
    ]
  }
},
{
  "model": "api.post",
  "pk": 8,
  "fields": {
    "user": [
      "at0"
    ],
    "design": 8,
    "caption": "better DEADpool",
    "description": "oooops",
    "created_at": "2025-07-01T15:49:28.611Z",
    "hashtags": [
      8,
      9,
      16,
      17,
      18
    ]
  }
},
{
  "model": "api.post",
  "pk": 9,
  "fields": {
    "user": [
      "at0"
    ],
    "design": 9,
    "caption": "Pickatch",
    "description": "in a new form",
    "created_at": "2025-07-01T15:58:02.501Z",
    "hashtags": [
      6,
      9,
      11,
      12,
      18
    ]
  }
},
{
  "model": "api.post",
  "pk": 10,
  "fields": {
    "user": [
      "at0"
    ],
    "design": 10,
    "caption": "rage",
    "description": "RAaaage",
    "created_at": "2025-07-01T16:01:37.441Z",
    "hashtags": [
      6,
      9,
      13,
      18
    ]
  }
},
{
  "model": "api.post",
  "pk": 11,
  "fields": {
    "user": [
      "at0"
    ],
    "design": 11,
    "caption": "Bugs buny",
    "description": "Buggssgs buny",
    "created_at": "2025-07-01T16:05:42.294Z",
    "hashtags": [
      8,
      9,
      12,
      14,
      18
    ]
  }
},
{
  "model": "api.post",
  "pk": 12,
  "fields": {
    "user": [
      "at0"
    ],
    "design": 12,
    "caption": "marcus wisdom",
    "description": "Aurelius in clutch",
    "created_at": "2025-07-01T16:12:35.247Z",
    "hashtags": [
      7,
      10,
      19,
      20
    ]
  }
},
{
  "model": "api.post",
  "pk": 13,
  "fields": {
    "user": [
      "ahmed"
    ],
    "design": 13,
    "caption": "nonchelont tony",
    "description": "iron mann",
    "created_at": "2025-07-01T16:19:26.825Z",
    "hashtags": [
      8,
      9,
      12
    ]
  }
},
{
  "model": "api.post",
  "pk": 14,
  "fields": {
    "user": [
      "ahmed"
    ],
    "design": 14,
    "caption": "life tip",
    "description": "amen",
    "created_at": "2025-07-01T16:26:09.496Z",
    "hashtags": [
      1,
      4,
      9,
      15,
      18
    ]
  }
},
{
  "model": "api.post",
  "pk": 15,
  "fields": {
    "user": [
      "ahmed"
    ],
    "design": 15,
    "caption": "dreamy cat",
    "description": "Bicaso cat",
    "created_at": "2025-07-01T16:30:05.278Z",
    "hashtags": [
      1,
      2,
      4,
      18,
      21
    ]
  }
},
{
  "model": "api.post",
  "pk": 16,
  "fields": {
    "user": [
      "ahmed"
    ],
    "design": 16,
    "caption": "another duck",
    "description": "violent one ",
    "created_at": "2025-07-01T16:32:58.250Z",
    "hashtags": [
      1,
      7,
      12,
      21
    ]
  }
},
{
  "model": "api.post",
  "pk": 17,
  "fields": {
    "user": [
      "ahmed"
    ],
    "design": 17,
    "caption": "NEWYOURK CITY",
    "description": "calling",
    "created_at": "2025-07-01T16:35:14.148Z",
    "hashtags": [
      3,
      9,
      14,
      15,
      18
    ]
  }
},
{
  "model": "api.post",
  "pk": 18,
  "fields": {
    "user": [
      "ahmed"
    ],
    "design": 18,
    "caption": "cartoonish frog",
    "description": "disgusting tbu",
    "created_at": "2025-07-01T16:36:42.390Z",
    "hashtags": [
      1,
      3,
      4,
      7,
      12
    ]
  }
},
{
  "model": "api.post",
  "pk": 19,
  "fields": {
    "user": [
      "mohamed"
    ],
    "design": 19,
    "caption": "King Cole",
    "description": "One time For my La Sisters",
    "created_at": "2025-07-01T16:39:20.090Z",
    "hashtags": [
      4,
      8,
      14
    ]
  }
},
{
  "model": "api.post",
  "pk": 20,
  "fields": {
    "user": [
      "mohamed"
    ],
    "design": 20,
    "caption": "drawing roads",
    "description": "cool boad btw",
    "created_at": "2025-07-01T16:40:51.091Z",
    "hashtags": [
      3,
      4,
      10,
      11,
      18
    ]
  }
},
{
  "model": "api.post",
  "pk": 21,
  "fields": {
    "user": [
      "mohamed"
    ],
    "design": 21,
    "caption": "stitch",
    "description": "stitch be stitching ",
    "created_at": "2025-07-01T16:42:16.374Z",
    "hashtags": [
      7,
      9,
      12
    ]
  }
},
{
  "model": "api.post",
  "pk": 22,
  "fields": {
    "user": [
      "mohamed"
    ],
    "design": 22,
    "caption": "ME VS ME ",
    "description": "SPARTANS MENTALLITy",
    "created_at": "2025-07-01T16:43:58.367Z",
    "hashtags": [
      1,
      4,
      10,
      18
    ]
  }
},
{
  "model": "api.post",
  "pk": 23,
  "fields": {
    "user": [
      "mohamed"
    ],
    "design": 23,
    "caption": "cyber illness",
    "description": "valid CHOOM",
    "created_at": "2025-07-01T16:46:58.475Z",
    "hashtags": [
      6,
      9,
      15,
      18,
      22
    ]
  }
},
{
  "model": "api.post",
  "pk": 24,
  "fields": {
    "user": [
      "adham"
    ],
    "design": 24,
    "caption": "Duckiragh",
    "description": "giraph and duck plz tell me you get it ",
    "created_at": "2025-07-01T16:48:42.661Z",
    "hashtags": [
      1,
      11
    ]
  }
},
{
  "model": "api.post",
  "pk": 25,
  "fields": {
    "user": [
      "adham"
    ],
    "design": 25,
    "caption": "this is tamer btw",
    "description": "he is the danger",
    "created_at": "2025-07-01T16:53:05.660Z",
    "hashtags": [
      1,
      8,
      9,
      14
    ]
  }
},
{
  "model": "api.post",
  "pk": 26,
  "fields": {
    "user": [
      "adham"
    ],
    "design": 26,
    "caption": "catcot",
    "description": "for good luck",
    "created_at": "2025-07-01T16:53:53.837Z",
    "hashtags": [
      2,
      4,
      12,
      18
    ]
  }
},
{
  "model": "api.post",
  "pk": 27,
  "fields": {
    "user": [
      "adham"
    ],
    "design": 28,
    "caption": "the boogyman",
    "description": "Cansequenses",
    "created_at": "2025-07-01T16:55:52.647Z",
    "hashtags": [
      8,
      9,
      14,
      17,
      18
    ]
  }
},
{
  "model": "api.post",
  "pk": 28,
  "fields": {
    "user": [
      "adham"
    ],
    "design": 29,
    "caption": "venom",
    "description": "We are venom",
    "created_at": "2025-07-01T16:56:52.263Z",
    "hashtags": [
      8,
      9,
      12,
      21
    ]
  }
},
{
  "model": "api.post",
  "pk": 29,
  "fields": {
    "user": [
      "admin"
    ],
    "design": 30,
    "caption": "To The Top Of the tower",
    "description": "you fall out the edge punk",
    "created_at": "2025-07-01T16:58:22.978Z",
    "hashtags": [
      4,
      6,
      11,
      15
    ]
  }
},
{
  "model": "api.post",
  "pk": 30,
  "fields": {
    "user": [
      "admin"
    ],
    "design": 31,
    "caption": "focused",
    "description": "too focused",
    "created_at": "2025-07-01T16:59:56.995Z",
    "hashtags": [
      4,
      23
    ]
  }
},
{
  "model": "api.post",
  "pk": 31,
  "fields": {
    "user": [
      "admin"
    ],
    "design": 33,
    "caption": "unplayed yet",
    "description": "the ghost",
    "created_at": "2025-07-01T17:01:59.382Z",
    "hashtags": [
      5,
      6,
      15
    ]
  }
},
{
  "model": "api.post",
  "pk": 32,
  "fields": {
    "user": [
      "admin"
    ],
    "design": 34,
    "caption": "will never fade away",
    "description": "samurai from cyberpunk2077",
    "created_at": "2025-07-01T17:03:00.887Z",
    "hashtags": [
      15,
      18,
      22
    ]
  }
},
{
  "model": "api.post",
  "pk": 33,
  "fields": {
    "user": [
      "admin"
    ],
    "design": 35,
    "caption": "that's me ",
    "description": "the dark knight",
    "created_at": "2025-07-01T17:06:27.148Z",
    "hashtags": [
      7,
      8,
      9,
      13,
      15
    ]
  }
},
{
  "model": "api.post",
  "pk": 34,
  "fields": {
    "user": [
      "admin"
    ],
    "design": 36,
    "caption": "chill panda",
    "description": "panda panda panda panda",
    "created_at": "2025-07-01T17:08:06.181Z",
    "hashtags": [
      1,
      3,
      4,
      18
    ]
  }
},
{
  "model": "api.post",
  "pk": 35,
  "fields": {
    "user": [
      "admin"
    ],
    "design": 37,
    "caption": "back in the 90s",
    "description": "bojack horsman",
    "created_at": "2025-07-01T17:10:11.225Z",
    "hashtags": [
      4,
      8,
      9,
      12,
      14
    ]
  }
}
]
